peptide,HLA,score
RLFLPVVLK,HLA-A*03:01,0.8733695
EEKLIVVLF,HLA-B*44:02,0.83547515
ALNEAIMWSSK,HLA-A*03:01,0.5163925
AYKGLASAAYL,HLA-C*14:03,0.46741462
AYQTLYEI,HLA-A*24:02,0.2739081
KTLTSVFQK,HLA-A*11:01,0.80521643
ETSDGINFTK,HLA-A*68:01,0.8009405
EAFIQPITR,HLA-A*68:01,0.89944375
QTACEVLDY,HLA-A*01:01,0.7706123
GMHQQIVPF,HLA-B*15:01,0.65134513
SYLDSGIHF,HLA-A*24:02,0.83360183
YVDFREYEYY,HLA-A*01:01,0.7954009
FLEGNEVGKTY,HLA-A*01:01,0.85407084
SELFRSGLDSY,HLA-B*44:02,0.67593
KIFSEVTLK,HLA-A*03:01,0.7698575
LLFSVSLV,HLA-A*02:01,0.36242637
KVYEGVWKK,HLA-A*03:01,0.90772474
CILGKLFTK,HLA-A*11:01,0.58483404
MVFLSSFINGK,HLA-A*03:01,0.5131176
DANSFLQSV,HLA-B*51:01,0.9074734
KINKNPKYK,HLA-A*03:01,0.6584733
RVLKFACRVQK,HLA-A*03:01,0.51925135
PSDTRQMLFY,HLA-A*01:01,0.85328406
LLLDDLLVSI,HLA-A*02:01,0.60297453
KLYEEPLLK,HLA-A*03:01,0.8924022
ILDTAGREEY,HLA-A*01:01,0.82073957
YAFGVTDTL,HLA-B*38:01,0.46506435
MQLMPFGCLL,HLA-A*02:01,0.25520813
YYKLPVLLIEF,HLA-A*24:02,0.5524212
ILNAMIAKI,HLA-A*02:01,0.6539033
ALMELKILEGL,HLA-A*02:01,0.5872259
GLFGDIYLA,HLA-A*02:01,0.6140355
ASNASSAAK,HLA-A*11:01,0.70748717
FIASNGVKLV,HLA-A*02:01,0.4428792
TLDWLLQTPK,HLA-A*03:01,0.4785389
GLMDCYLKLL,HLA-A*02:01,0.7019478
IYKAPCENW,HLA-A*24:02,0.7917627
ETVSEQSNV,HLA-A*68:02,0.70216715
KLCIYIWGV,HLA-A*02:01,0.66619927
LLFSTVVHV,HLA-A*02:01,0.8099063
IMQLMPFGC,HLA-A*02:01,0.16743031
RIIPPAAK,HLA-A*03:01,0.57925117
SEAYSAQI,HLA-B*44:02,0.32021123
SMSFSNYYR,HLA-A*11:01,0.40733403
YTFSITAFDGV,HLA-A*02:01,0.2822739
AELKGHTSQM,HLA-B*44:03,0.58651274
RPHVPESAF,HLA-B*07:02,0.8515131
CTASDFDR,HLA-A*68:01,0.3165755
ALLETPSLLL,HLA-A*02:01,0.7218397
YYSKNLNSFF,HLA-A*24:02,0.77598107
KILDAVVAQK,HLA-A*03:01,0.73311794
KMNEGIVKL,HLA-A*02:01,0.7643159
LSDGIGIDF,HLA-A*01:01,0.54506516
APARLERRHSA,HLA-B*07:02,0.3373848
TRLSRAYLPVK,HLA-B*27:05,0.36180544
VMFGGSFVESA,HLA-A*02:01,0.51884055
RPHAIRRPLAL,HLA-B*07:02,0.77084386
VVPCEPPEV,HLA-A*02:01,0.49848852
CLNEYHLFL,HLA-A*02:01,0.72984475
CVRVSGQGL,HLA-B*07:02,0.378002
FIFGPFNL,HLA-A*02:01,0.34868577
FLLLLLVPL,HLA-A*02:01,0.63141894
FYSTRPLSI,HLA-A*24:02,0.7245463
DYLQYVLQI,HLA-A*24:02,0.7267643
ILAAVEAV,HLA-A*02:01,0.29591703
VVMSWAPPV,HLA-A*02:01,0.6157234
IYRTKEWDEF,HLA-A*24:02,0.63579005
NSDEQLGEMF,HLA-A*01:01,0.55350006
RLADSPPPQV,HLA-A*02:01,0.7403789
ILDKVLVHL,HLA-A*02:01,0.78695977
VYQYTFPDF,HLA-A*24:02,0.8783865
AATNLSALYY,HLA-A*01:01,0.59824944
FLRRKNGHENF,HLA-B*15:01,0.13579068
IMSPVPLL,HLA-A*02:01,0.3626088
MLGEQLFPL,HLA-A*02:01,0.6796423
SLFEGIDIYT,HLA-A*02:01,0.6168057
RPFYSDVDIM,HLA-B*07:02,0.31969744
TPKILKAM,HLA-B*07:02,0.29614496
YYVYDFMM,HLA-A*24:02,0.23175874
AEFEVPRLV,HLA-B*44:02,0.70331687
KLMNIQQKL,HLA-A*02:01,0.8097491
FLNILAFAAL,HLA-A*02:01,0.41754764
FLYNLLTRV,HLA-A*02:01,0.8571599
IILVAVPHV,HLA-A*02:01,0.6435561
GLAGDNIYL,HLA-A*02:01,0.7320321
IIAATFLF,HLA-B*15:01,0.11285062
QLFSEIHNL,HLA-A*02:01,0.86652315
ALDPHSGHFV,HLA-A*02:01,0.694437
SLADEAEVYL,HLA-A*02:01,0.6403403
VLHDDLLEA,HLA-A*02:01,0.7131722
FLTRLLEEI,HLA-A*02:01,0.76023626
IMEKLEMSK,HLA-A*03:01,0.19203489
SPKRKGKSNF,HLA-B*07:02,0.45953065
VLEGSLNK,HLA-A*03:01,0.13999934
WPSRSVCI,HLA-B*07:02,0.23976722
ILTGLNYEV,HLA-A*02:01,0.7941065
CMWGRLWQL,HLA-A*02:01,0.7762332
IEGFRNALY,HLA-B*44:03,0.3062979
KMLKKNVKVSY,HLA-A*03:01,0.22315156
