HLA,pseudoSeq
HLA-A0101,YFAMYQENMAHTDANTLYIIYRDYTWVARVYRGY
HLA-A0201,YFAMYGEKVAHTHVDTLYVRYHYYTWAVLAYTWY
HLA-A0202,YFAMYGEKVAHTHVDTLYLRYHYYTWAVWAYTWY
HLA-A0203,YFAMYGEKVAHTHVDTLYVRYHYYTWAEWAYTWY
HLA-A0204,YFAMYGEKVAHTHVDTLYVMYHYYTWAVLAYTWY
HLA-A0205,YYAMYGEKVAHTHVDTLYLRYHYYTWAVWAYTWY
HLA-A0206,YYAMYGEKVAHTHVDTLYVRYHYYTWAVLAYTWY
HLA-A0207,YFAMYGEKVAHTHVDTLYVRCHYYTWAVLAYTWY
HLA-A0211,YFAMYGEKVAHIDVDTLYVRYHYYTWAVLAYTWY
HLA-A0301,YFAMYQENVAQTDVDTLYIIYRDYTWAELAYTWY
HLA-A1101,YYAMYQENVAQTDVDTLYIIYRDYTWAAQAYRWY
HLA-A1102,YYAMYQENVAQTDVDTLYIIYRDYTWAAQAYRWY
HLA-A2301,YSAMYEEKVAHTDENIAYLMFHYYTWAVLAYTGY
HLA-A2402,YSAMYEEKVAHTDENIAYLMFHYYTWAVQAYTGY
HLA-A2407,YSAMYEEKVAQTDENIAYLMFHYYTWAVQAYTGY
HLA-A2501,YYAMYRNNVAHTDESIAYIRYQDYTWAEWAYRWY
HLA-A2601,YYAMYRNNVAHTDANTLYIRYQDYTWAEWAYRWY
HLA-A2902,YTAMYLQNVAQTDANTLYIMYRDYTWAVLAYTWY
HLA-A3001,YSAMYQENVAQTDVDTLYIIYEHYTWAWLAYTWY
HLA-A3002,YSAMYQENVAHTDENTLYIIYEHYTWARLAYTWY
HLA-A3101,YTAMYQENVAHIDVDTLYIMYQDYTWAVLAYTWY
HLA-A3201,YFAMYQENVAHTDESIAYIMYQDYTWAVLAYTWY
HLA-A3301,YTAMYRNNVAHIDVDTLYIMYQDYTWAVLAYTWH
HLA-A3303,YTAMYRNNVAHIDVDTLYIMYQDYTWAVLAYTWY
HLA-A3401,YYAMYRNKVAQTDVDTLYIRYQDYTWAEWAYTWY
HLA-A3402,YYAMYRNNVAQTDVDTLYIIYRDYTWAELAYTWY
HLA-A3601,YFAMYQENMAHTDANTLYIIYRDYTWVARVYTWY
HLA-A6601,YYAMYRNNVAQTDVDTLYIRYQDYTWAEWAYRWY
HLA-A6801,YYAMYRNNVAQTDVDTLYIMYRDYTWAVWAYTWY
HLA-A6802,YYAMYRNNVAQTDVDTLYIRYHYYTWAVWAYTWY
HLA-A7401,YFAMYQENVAHTDVDTLYIMYQDYTWAVLAYTWY
HLA-B0702,YYSEYRNIYAQTDESNLYLSYDYYTWAERAYEWY
HLA-B0704,YYSEYRNIYAQTDESNLYLSYDYYTWAEDAYEWY
HLA-B0801,YDSEYRNIFTNTDESNLYLSYNYYTWAVDAYTWY
HLA-B1301,YYTMYREISTNTYENTAYIRYNLYTWAVLAYEWY
HLA-B1302,YYTMYREISTNTYENTAYWTYNLYTWAVLAYEWY
HLA-B1402,YYSEYRNICTNTDESNLYLWYNFYTWAELAYTWH
HLA-B1501,YYAMYREISTNTYESNLYLRYDSYTWAEWAYLWY
HLA-B1502,YYAMYRNISTNTYESNLYIRYDSYTWAELAYLWY
HLA-B1503,YYSEYREISTNTYESNLYLRYDSYTWAELAYLWY
HLA-B1510,YYSEYRNICTNTYESNLYLRYDYYTWAELAYLWY
HLA-B1517,YYAMYRENMASTYENIAYLRYHDYTWAELAYLWY
HLA-B1801,YHSTYRNISTNTYESNLYLRYDSYTWAVLAYTWH
HLA-B2705,YHTEYREICAKTDEDTLYLNYHDYTWAVLAYEWY
HLA-B3501,YYATYRNIFTNTYESNLYIRYDSYTWAVLAYLWY
HLA-B3503,YYATYRNIFTNTYESNLYIRYDFYTWAVLAYLWY
HLA-B3507,YYATYRNIFTNTYESNLYIRYDSYTWAVLAYLWY
HLA-B3701,YHSTYREISTNTYEDTLYIRSNFYTWAVDAYTWY
HLA-B3801,YYSEYRNICTNTYENIAYLRYNFYTWAVLTYTWY
HLA-B3802,YYSEYRNICTNTYENTAYLRYNFYTWAVLTYTWY
HLA-B4001,YHTKYREISTNTYESNLYLRYNYYSLAVLAYEWY
HLA-B4002,YHTKYREISTNTYESNLYLSYNYYTWAVLAYEWY
HLA-B4006,YHTKYREISTNTYESNLYWTYNYYTWAVLAYEWY
HLA-B4201,YYSEYRNIYAQTDESNLYLSYNYYTWAVDAYTWY
HLA-B4402,YYTKYREISTNTYENTAYIRYDDYTWAVDAYLSY
HLA-B4403,YYTKYREISTNTYENTAYIRYDDYTWAVLAYLSY
HLA-B4501,YHTKYREISTNTYESNLYWRYNLYTWAVDAYLSY
HLA-B4601,YYAMYREKYRQTDVSNLYLRYDSYTWAEWAYLWY
HLA-B4901,YHTKYREISTNTYENIAYWRYNLYTWAELAYLWY
HLA-B5001,YHTKYREISTNTYESNLYWRYNLYTWAELAYLWY
HLA-B5101,YYATYRNIFTNTYENIAYWTYNYYTWAELAYLWH
HLA-B5201,YYATYREISTNTYENIAYWTYNYYTWAELAYLWH
HLA-B5301,YYATYRNIFTNTYENIAYIRYDSYTWAVLAYLWY
HLA-B5401,YYAGYRNIYAQTDESNLYWTYNLYTWAVLAYTWY
HLA-B5501,YYAEYRNIYAQTDESNLYWTYNLYTWAELAYTWY
HLA-B5502,YYAEYRNIYAQTDESNLYWTYNLYTWAVLAYTWY
HLA-B5601,YYAEYRNIYAQTDESNLYWTYNLYTWAVLAYLWY
HLA-B5701,YYAMYGENMASTYENIAYIVYDSYTWAVLAYLWY
HLA-B5703,YYAMYGENMASTYENIAYIVYNYYTWAVLAYLWY
HLA-B5801,YYATYGENMASTYENIAYIRYDSYTWAVLAYLWY
HLA-B5802,YYATYGENMASTYENIAYLWYDSYTWAVLAYLWY
HLA-C0102,YFSGYREKYRQTDVSNLYLWCDYYTWAERAYTWY
HLA-C0202,YYAGYREKYRQTDVNKLYLRYDSYTWAEWAYEWY
HLA-C0302,YYAGYREKYRQTDVSNLYLRYDSYTWAELAYLWY
HLA-C0303,YYAGYREKYRQTDVSNLYIRYDYYTWAELAYLWY
HLA-C0304,YYAGYREKYRQTDVSNLYIRYDYYTWAELAYLWY
HLA-C0401,YSAGYREKYRQADVNKLYLRFNFYTWAERAYTWY
HLA-C0403,YYAGYREKYRQADVNKLYLRFNFYTWAERAYTWY
HLA-C0501,YYAGYREKYRQTDVNKLYLRYNFYTWAERAYTWY
HLA-C0602,YDSGYREKYRQADVNKLYLWYDSYTWAEWAYTWY
HLA-C0701,YDSGYRENYRQADVSNLYLRYDSYTLAALAYTWY
HLA-C0702,YDSGYREKYRQADVSNLYLRSDSYTLAALAYTWY
HLA-C0704,YDSGYREKYRQADVSNLYFRYDFYTLAADAYTWY
HLA-C0801,YYAGYREKYRQTDVSNLYLRYNFYTWATLAYTWY
HLA-C0802,YYAGYREKYRQTDVSNLYLRYNFYTWAERAYTWY
HLA-C1202,YYAGYREKYRQADVSNLYLRYDSYTWAEWAYTWY
HLA-C1203,YYAGYREKYRQADVSNLYLWYDSYTWAEWAYTWY
HLA-C1402,YSAGYREKYRQTDVSNLYLWFDSYTWAERAYTWY
HLA-C1403,YSAGYREKYRQTDVSNLYLWFDSYTWAERAYTWY
HLA-C1502,YYAGYRENYRQTDVNKLYIRYDLYTWAELAYTWY
HLA-C1601,YYAGYREKYRQTDVSNLYLWYDSYTWAAQAYTWY
HLA-C1701,YYAGYREKYRQADVNKLYIRYNFYSLAELAYEWY
HLA-B2707,YHTEYREICAKTDEDTLYLSYNYYTWAVLAYEWY
HLA-B2702,YHTEYREICAKTDENIAYLNYHDYTWAVLAYEWY
HLA-A2406,YSAMYEEKVAHTDENIAYLMFHYYTWAVWAYTGY
HLA-B2704,YHTEYREICAKTDESTLYLNYHDYTWAELAYEWY
HLA-B2709,YHTEYREICAKTDEDTLYLNYHHYTWAVLAYEWY
HLA-B3906,YYSEYRNICTNTDESNLYWTYNFYTWAVLTYTWY
HLA-B2701,YHTEYREICAKTYENTAYLNYHDYTWAVLAYEWY
HLA-B5108,YYATYRNIFTNTYENIAYWTYNYYTWAVDAYLWH
HLA-B2703,YHTEHREICAKTDEDTLYLNYHDYTWAVLAYEWY
HLA-A2413,YSAMYEEKVAHTDENIAYLMFHYYTWAVLAYTGY
HLA-B3924,YYSEYRNICTNTDESNLYLSYNFYTWAVLTYTWY
HLA-B3901,YYSEYRNICTNTDESNLYLRYNFYTWAVLTYTWY
HLA-B7301,YHTEYRNICAKTDVGNLYWTYNFYTWAVLAYEWH
HLA-B2708,YHTEYREICAKTDESNLYLNYHDYTWAVLAYEWY
HLA-B3909,YYSEYRNICTNTDESNLYLRSNFYTWAVLTYTWY
HLA-B4427,YYTKYREISTNTYENTAYIRYDDYTWAVDAYLSY
HLA-B3508,YYATYRNIFTNTYESNLYIRYDSYTWAVRAYLWY
HLA-B4103,YHTKYREISTNTYESNLYLRYNYYTWAVDAYTWY
HLA-B2706,YHTEYREICAKTDESTLYLNYDYYTWAELAYEWY
HLA-B4701,YYTKYREISTNTYEDTLYLRFHDYTWAVLAYEWY
HLA-B1803,YHSTYRNISTNTDESNLYLRYDSYTWAVLAYTWH
HLA-B4101,YHTKYREISTNTYESNLYWRYNYYTWAVDAYTWY
HLA-B4105,YHTKYREISTNTYESKLYWRYNYYTWAVDAYTWY
HLA-B1511,YYAMYRNIYTNTYESNLYLRYDSYTWAEWAYLWY
HLA-B4409,YYTKYREISTNTYESNLYIRYDDYTWAVDAYLSY
HLA-A2603,YYAMYRNNVAHTHVDTLYIRYQDYTWAEWAYRWY
HLA-B1513,YYAMYRNISTNTYENIAYIRYDSYTWAELAYLWY
HLA-B4104,YHTKYREISTNTYESNLYLSYDYYTWAVDAYTWY
HLA-B4428,YYTKYREISTNTYENTAYIRYDDYTWAVRAYLSY
HLA-B4106,YHTKYREISTNTYESNLYWRYNYYTWAVDAYTWY
HLA-A0302,YFAMYQENVAQTDVDTLYIIYRDYTWAVQAYTWY
HLA-B4102,YHTKYREISTNTYESNLYLSYNYYTWAVDAYTWY
HLA-B3502,YYATYRNIFTNTYESNLYIRYNYYTWAVLAYLWY
HLA-B1508,YYAMYRNIFTNTYESNLYLRYDSYTWAEWAYLWY
HLA-B4408,YYTMYREISTNTYENTAYIRYDDYTWAVDAYLSY
HLA-C1204,YYAGYREKYRQADVNKLYLWYDSYTWAEWAYTWY
HLA-B3504,YYATYRNIFTNTYESNLYIRYNYYTWAVLAYLWY
HLA-B5702,YYAMYGENMASTYENIAYIVYNYYTWAVRAYLWY
HLA-B3506,YYATYRNIFTNTYESNLYIRYNFYTWAVLAYLWY
HLA-A0103,YFAMYQENMAHTDANTLYIMYRDYTWVARVYRGY
HLA-B2710,YHTEYREICAKTDEDTLYLNYHDYTWAELAYEWY
HLA-A6602,YYAMYRNNVAQTDVDTLYIRYQDYTWAEWAYEWY
HLA-B1509,YYSEYRNICTNTYESNLYLRYNYYTWAELAYLWY
HLA-A3003,YSAMYQENVAHTDENTLYIIYEHYTWARLAYTWY
HLA-B3910,YYSEYRNIYTNTDESNLYLRYNFYTWAVLTYTWY
HLA-B1518,YYSEYRNICTNTYESNLYLRYDSYTWAELAYLWY
HLA-B1403,YYSEYRNICTNTDESNLYLWYNFYTWAERAYTWH
HLA-B4405,YYTKYREISTNTYENTAYIRYDYYTWAVDAYLSY
HLA-B1542,YYAMYREISTNTYESNLYWTYNLYTWAELAYTWY
HLA-A0214,YYAMYGEKVAHTHVDTLYLRYHYYTWAVLAYTWY
HLA-B5102,YYATYRNIFTNTYENIAYWTYNYYTWAELAYLWY
HLA-B3905,YYSEYRNICTNTYESNLYLRYNFYTWAVLTYTWY
HLA-B1516,YYAMYRENMASTYENIAYWRYDSYTWAELAYLWY
HLA-A3004,YSAMYQENVAHTDENTLYIIYEHYTWAVWAYTWY
HLA-B5002,YHTKYREISTNTYESNLYWRYNLYTWAELAYLSY
HLA-A2602,YYAMYRNNVAHTDANTLYIRYQNYTWAEWAYRWY
HLA-A6901,YYAMYRNNVAQTDVDTLYVRYHYYTWAVLAYTWY
HLA-A8001,YFAMYEENVAHTNANTLYIIYRDYTWARLAYEGY
HLA-B0802,YDSEYRNIFTNTDENTAYLSYNYYTWAVDAYTWY
HLA-A0209,YFAMYGEKVAHTHVDTLYVRYHYYTWAVLAYTWY
HLA-A0216,YFAMYGEKVAHTHVDTLYVRYHYYTWAVLAYEWY
HLA-A0210,YYAMYGEKVAHTHVDTLYVRFHYYTWAVLAYTWY
HLA-A0213,YFAMYGEKVAHTHVDTLYVRYHYYTWAEQAYTWY
HLA-A3205,YFAMYQEKVAHTDESIAYIMYQDYTWAVLAYTWY
HLA-B3514,YYATYRNIFTNTYESNLYIRYDSYTWAEWAYLWY
HLA-A2403,YSAMYEEKVAHTDENIAYLMFHYYTWAVQAYTWY
HLA-B4801,YYSEYREISTNTYESNLYLSYNYYSLAVLAYEWY
HLA-A0217,YFAMYGEKVAHTHVDTLYLMFHYYTWAVLAYTWY
HLA-A0220,YFAMYGENVAHTHVDTLYVRYHYYTWAVLAYTWY
HLA-B8101,YYSEYRNIYAQTDESNLYLSYNYYSLAVLAYEWY
HLA-B0706,YYSEYRNIYAQTDESNLYLSYNYYTWAERAYEWY
HLA-A2901,YTAMYLQNVAQTDANTLYIMYRDYTWAVLAYTWY
HLA-E0101,YHSMYRESADTIFVNTLYLWHEFYSSAEQAYTWY
HLA-E01033,YHSMYRESADTIFVNTLYLWHEFYSSAEQAYTWY
HLA-E0103,YHSMYRESADTIFVNTLYLWHEFYSSAEQAYTWY
HLA-A6812,YYAMYRNNVAQTDVDTLYIMYRDYTWAVWAYTWY
HLA-A0252,YFAMYGEKVAHTHVDTLYVRYEHYTWAVLAYTWY
